,title,artist(s),album,added_at,album_type,release_date,total_tracks,total_tracks,disc_number,duration_ms,explicit,popularity,track_number,id,is_local
0,Trouble On My Mind,Pusha T,album,2019-11-10T08:30:29Z,album,2011-11-08,12,12,1,212506,True,64,3,2ztyTz3H928W2bVb9qXBlB,False
1,Good Goodbye (feat. Pusha T and Stormzy),Linkin Park,album,2019-11-10T07:29:24Z,album,2017-05-19,10,10,1,211413,False,67,2,650OeHTLxZAQmb4aEbGmaA,False
2,Coming Home (feat. Ms. Lauryn Hill),Pusha T,single,2019-11-10T07:26:42Z,single,2019-08-28,1,1,1,209946,True,65,1,0TGyMhttuNwKab2XJMJ1rl,False
3,Elevators - ONP 86 Mix,OutKast,album,2019-11-10T05:31:54Z,album,1996-08-27,15,15,1,277426,True,41,15,3VO93aw7fZhxKk43pr2RTE,False
4,13th Floor / Growing Old,OutKast,album,2019-11-10T05:31:53Z,album,1996-08-27,15,15,1,410933,True,43,14,5oKpqxuTm4kg8BRQwIBFzk,False
5,Millennium,OutKast,album,2019-11-10T05:31:52Z,album,1996-08-27,15,15,1,189040,True,45,12,50Fp9rUhDZvGJ4UUz4mTwp,False
6,E.T. (Extraterrestrial),OutKast,album,2019-11-10T05:31:52Z,album,1996-08-27,15,15,1,186800,True,42,13,3HTaKftetB9nQ4Vv3KnmvU,False
7,Mainstream,OutKast,album,2019-11-10T05:31:51Z,album,1996-08-27,15,15,1,318266,True,45,10,3lecA86POu0jRaFIubASoT,False
8,Decatur Psalm,OutKast,album,2019-11-10T05:31:51Z,album,1996-08-27,15,15,1,238360,True,42,11,5aC5KtkmNBfX1iFX4EVfCO,False
9,Wailin',OutKast,album,2019-11-10T05:31:50Z,album,1996-08-27,15,15,1,118706,True,44,9,7nfGrjZf34FxqS0FWXM5B7,False
10,Ova Da Wudz,OutKast,album,2019-11-10T05:31:49Z,album,1996-08-27,15,15,1,227533,True,44,7,1SrDDrw3ZMElLdnTjvWJOg,False
11,Babylon,OutKast,album,2019-11-10T05:31:49Z,album,1996-08-27,15,15,1,264600,True,48,8,1OkHiYsPJBwhR5Jb0hz9Q1,False
12,Jazzy Belle,OutKast,album,2019-11-10T05:31:48Z,album,1996-08-27,15,15,1,251666,True,59,5,6w4MlvpuxtbjGdL9YeTx89,False
13,Elevators (Me & You),OutKast,album,2019-11-10T05:31:48Z,album,1996-08-27,15,15,1,265200,True,62,6,2oLwDI8tZUOh6SmTMRRfKs,False
14,Wheelz of Steel,OutKast,album,2019-11-10T05:31:47Z,album,1996-08-27,15,15,1,243266,True,52,4,5qKqRkWnRTXNVWbEOOmGxk,False
15,ATLiens,OutKast,album,2019-11-10T05:31:46Z,album,1996-08-27,15,15,1,230693,True,68,3,2vfvGlqCB7oertO5VLE0sz,False
16,Two Dope Boyz (In a Cadillac),OutKast,album,2019-11-10T05:31:45Z,album,1996-08-27,15,15,1,162000,True,52,2,2q8lHMMso6wx6pb5uwqzOs,False
17,You May Die (Intro),OutKast,album,2019-11-10T05:31:44Z,album,1996-08-27,15,15,1,66133,False,42,1,5katW3JH8JM3jiEdrr2zuR,False
18,Chonkyfire,OutKast,album,2019-11-10T05:31:36Z,album,1998-09-29,16,16,1,371253,True,45,16,4mrR64jwacrmiZluhBelDB,False
19,Liberation (with Cee-Lo),OutKast,album,2019-11-10T05:31:35Z,album,1998-09-29,16,16,1,526373,True,51,15,1H6S9OkozTNvcASUX4Bfgb,False
20,"Y'All Scared (feat. T-Mo, Big Gipp & Khujo)",OutKast,album,2019-11-10T05:31:34Z,album,1998-09-29,16,16,1,290173,True,41,13,5LAgMMJQ42fF8yKLKF3Wiw,False
21,Nathaniel,OutKast,album,2019-11-10T05:31:34Z,album,1998-09-29,16,16,1,70280,True,38,14,6NqUceA124QO9v5jYv0QCg,False
22,Mamacita,OutKast,album,2019-11-10T05:31:33Z,album,1998-09-29,16,16,1,352506,True,42,11,32PWtlzKyvr3HcvJp1JFF5,False
23,SpottieOttieDopaliscious,OutKast,album,2019-11-10T05:31:33Z,album,1998-09-29,16,16,1,426853,True,62,12,4GdB5M7GbwLZLouktYocFC,False
24,Da Art of Storytellin' (Pt. 2),OutKast,album,2019-11-10T05:31:32Z,album,1998-09-29,16,16,1,172026,True,46,10,2vjgepbkQg5jH8ujrKEOin,False
25,West Savannah,OutKast,album,2019-11-10T05:31:31Z,album,1998-09-29,16,16,1,246280,True,46,8,5yTQ7Vy6EwKwB64Vho90LI,False
26,Da Art of Storytellin' (Pt. 1),OutKast,album,2019-11-10T05:31:31Z,album,1998-09-29,16,16,1,222653,True,55,9,1KQymTxNJfWk6vCD5ywKW2,False
27,Slump,OutKast,album,2019-11-10T05:31:30Z,album,1998-09-29,16,16,1,308733,True,46,7,4ufZSKCI84Pd2ZlWTJcu4i,False
28,Synthesizer (feat. George Clinton),OutKast,album,2019-11-10T05:31:29Z,album,1998-09-29,16,16,1,311653,True,45,6,3sQDstyMhCcDJ3mY6onZez,False
29,Skew It on the Bar-B,OutKast,album,2019-11-10T05:31:26Z,album,1998-09-29,16,16,1,195106,True,50,4,6EQ4orawx8eo0aXH0pOKLE,False
30,Aquemini,OutKast,album,2019-11-10T05:31:26Z,album,1998-09-29,16,16,1,319240,True,58,5,4V3N5LvUOh3yDPP16cwAhE,False
31,"Return of the ""G""",OutKast,album,2019-11-10T05:31:25Z,album,1998-09-29,16,16,1,289160,True,48,2,1wYp8ISMvX8qrflPrBU9Yo,False
32,Rosa Parks,OutKast,album,2019-11-10T05:31:25Z,album,1998-09-29,16,16,1,324373,True,65,3,0shK5iZQppbHPQYiy60xs9,False
33,"Hold On, Be Strong",OutKast,album,2019-11-10T05:31:23Z,album,1998-09-29,16,16,1,72586,True,43,1,7g8S0N45Tkp7yE1WEWRwyu,False
34,Stankonia (Stanklove) (feat. Big Rube & Sleepy Brown),OutKast,album,2019-11-10T05:31:08Z,album,2000-10-31,24,24,1,411026,True,37,24,3hZnqmixPzXNrxjsaPlwHZ,False
35,Slum Beautiful (feat. Cee-Lo),OutKast,album,2019-11-10T05:31:07Z,album,2000-10-31,24,24,1,247560,True,38,22,4hH99pmXR4tTUtVAdMf0kZ,False
36,Pre-Nump (Interlude),OutKast,album,2019-11-10T05:31:07Z,album,2000-10-31,24,24,1,27066,True,1,23,6emmntELhK3aLuMzGk9Bpa,False
37,Toilet Tisha,OutKast,album,2019-11-10T05:31:06Z,album,2000-10-31,24,24,1,264706,True,37,21,4Dlz76O4yMvFdYsKRfBEdK,False
38,"Gangsta Sh*t (feat. Slimm Calhoun, C-Bone & T-Mo)",OutKast,album,2019-11-10T05:31:05Z,album,2000-10-31,24,24,1,281266,True,40,20,2fk55YQGYhilLmXFaKWESM,False
39,Red Velvet,OutKast,album,2019-11-10T05:31:04Z,album,2000-10-31,24,24,1,232640,True,40,18,5AnpPlwvf01F9D1gcAbCRa,False
40,Cruisin' In The ATL (Interlude),Southside,album,2019-11-10T05:31:04Z,album,2000-10-31,24,24,1,19293,True,2,19,4zTqkKfNC3rDQ0uuAGOvie,False
41,?,OutKast,album,2019-11-10T05:31:03Z,album,2000-10-31,24,24,1,88626,True,38,17,67tv8s6iNlSwz2RxVPcoY5,False
42,Humble Mumble (with Erykah Badu),OutKast,album,2019-11-10T05:31:02Z,album,2000-10-31,24,24,1,290666,True,47,15,5cN4KyXGUdNOve1TEPWmhL,False
43,Drinkin' Again (Interlude),OutKast,album,2019-11-10T05:31:02Z,album,2000-10-31,24,24,1,24506,True,2,16,1ZoK9LKJppVYpc5b1QtpD8,False
44,We Luv Deez Hoez (feat. Backbone & Big Gipp),OutKast,album,2019-11-10T05:31:01Z,album,2000-10-31,24,24,1,250466,True,46,14,4XaY6ZNB5BrmVVLtQxjWpm,False
45,Xplosion (with B-Real),OutKast,album,2019-11-10T05:31:00Z,album,2000-10-31,24,24,1,248840,True,41,12,54MqZEYfS0aRgNWW19hNW4,False
46,Good Hair (Interlude),OutKast,album,2019-11-10T05:31:00Z,album,2000-10-31,24,24,1,14960,True,0,13,0a7EuQ73Wc6bPQApzjWPwz,False
47,B.O.B.,OutKast,album,2019-11-10T05:30:59Z,album,2000-10-31,24,24,1,304226,True,62,11,3WibbMr6canxRJXhNtAvLU,False
48,I'll Call B4 I Cum (with Gangsta Boo & Eco),OutKast,album,2019-11-10T05:30:58Z,album,2000-10-31,24,24,1,258440,True,40,10,6F1nkRSfNUh3FcoSmuO4fu,False
49,Kim & Cookie (Interlude),OutKast,album,2019-11-10T05:30:56Z,album,2000-10-31,24,24,1,72533,True,38,9,51QLvM437Xstp0bLdq0aFj,False
50,Spaghetti Junction,OutKast,album,2019-11-10T05:30:54Z,album,2000-10-31,24,24,1,237160,True,44,8,1ZosUXeZM3qlTWdL1uTrhm,False
51,Snappin' & Trappin' (with Killer Mike & J-Sweet),OutKast,album,2019-11-10T05:30:53Z,album,2000-10-31,24,24,1,259693,True,42,6,6C872iuQnICFQy5Z5hIIJX,False
52,D.F. (Interlude),OutKast,album,2019-11-10T05:30:53Z,album,2000-10-31,24,24,1,27240,True,3,7,1Y1ZV5NJWTkp7M0r4lwdnM,False
53,Ms. Jackson,OutKast,album,2019-11-10T05:30:52Z,album,2000-10-31,24,24,1,270506,True,79,5,0I3q5fE6wg7LIfHGngUTnV,False
54,"So Fresh, So Clean",OutKast,album,2019-11-10T05:30:51Z,album,2000-10-31,24,24,1,240026,True,67,4,6glsMWIMIxQ4BedzLqGVi4,False
55,I'm Cool (Interlude),OutKast,album,2019-11-10T05:30:50Z,album,2000-10-31,24,24,1,42040,True,38,3,3R4IgnYTITZGpGfCZ3ptkM,False
56,Intro,OutKast,album,2019-11-10T05:30:49Z,album,2000-10-31,24,24,1,69720,True,38,1,7LkwNlnMYYGOCqW1igUgqR,False
57,Gasoline Dreams (with Khujo Goodie),OutKast,album,2019-11-10T05:30:49Z,album,2000-10-31,24,24,1,214706,True,47,2,1Jo3u8eXp8xobbrvq0FIi9,False
58,A Life In The Day of Benjamin Andre (Incomplete),OutKast,album,2019-11-10T05:30:42Z,album,2003,40,40,2,290120,False,38,21,6YZ5KxfrGopg7r3aqjKio7,False
59,Vibrate,OutKast,album,2019-11-10T05:30:41Z,album,2003,40,40,2,398906,True,39,20,6eGRWLRQtT7pX6iXPpFiYk,False
60,My Favorite Things,OutKast,album,2019-11-10T05:30:40Z,album,2003,40,40,2,312133,False,37,18,2JIDQilIIxsxwZaS5xz8Av,False
61,Take Off Your Cool (feat. Norah Jones),OutKast,album,2019-11-10T05:30:40Z,album,2003,40,40,2,158093,False,48,19,2faSzprTWJ7L1EkZNko4ww,False
62,The Letter,OutKast,album,2019-11-10T05:30:39Z,album,2003,40,40,2,20973,False,1,17,0RBlLGGoMx0AxCsO4XyjGa,False
63,Dracula's Wedding (feat. Kelis),OutKast,album,2019-11-10T05:30:38Z,album,2003,40,40,2,152413,False,58,16,2EFHXO4zJRitZLpE1ztsWO,False
64,Love In War,OutKast,album,2019-11-10T05:30:37Z,album,2003,40,40,2,205720,False,36,14,3FI3voJxfJTE0fIynRIrCB,False
65,She's Alive,OutKast,album,2019-11-10T05:30:37Z,album,2003,40,40,2,246920,False,37,15,0ve4aPQNF5avvi2qfFLYrs,False
66,Pink & Blue,OutKast,album,2019-11-10T05:30:36Z,album,2003,40,40,2,304813,False,42,13,6Mu0ZYQCcRFR7BLs9iG16v,False
67,"Good Day, Good Sir - Interlude",OutKast,album,2019-11-10T05:30:35Z,album,2003,40,40,2,84880,False,36,11,1rXMnoTvDwCGom2y2uAt4s,False
68,Behold a Lady,OutKast,album,2019-11-10T05:30:34Z,album,2003,40,40,2,277226,False,39,12,12hQ53eHbx1VXCG8P3V6e2,False
69,Roses,OutKast,album,2019-11-10T05:30:32Z,album,2003,40,40,2,369573,True,73,10,6bUNEbXT7HovLW6BgPCBsb,False
70,She Lives in My Lap (feat. Rosario Dawson),OutKast,album,2019-11-10T05:30:31Z,album,2003,40,40,2,267266,False,50,8,6vV1NDCjh2afFgQ9Vb7i86,False
71,Hey Ya!,OutKast,album,2019-11-10T05:30:31Z,album,2003,40,40,2,235213,False,80,9,2PpruBYCo4H7WOBJ7Q2EwM,False
72,Prototype,OutKast,album,2019-11-10T05:30:30Z,album,2003,40,40,2,326240,False,56,7,1QJb6LWvPXZpTMiqqODqkH,False
73,Spread,OutKast,album,2019-11-10T05:30:29Z,album,2003,40,40,2,231373,True,41,5,6usyQ5fFzISwVu4Hk5QgG7,False
74,Where Are My Panties,OutKast,album,2019-11-10T05:30:29Z,album,2003,40,40,2,114266,False,35,6,5P1fYR4ltTkiFIGnsvrGKA,False
75,Happy Valentine's Day,OutKast,album,2019-11-10T05:30:27Z,album,2003,40,40,2,323106,False,42,4,32q1h0jij3ePpp47ShIqVy,False
76,Love Hater,OutKast,album,2019-11-10T05:30:26Z,album,2003,40,40,2,169733,False,37,2,5aSZXRJg2NxnWcK1LKCldg,False
77,God - Interlude,OutKast,album,2019-11-10T05:30:26Z,album,2003,40,40,2,140173,False,35,3,5spGA7Y58Rsx5Nu8UmLfSC,False
78,The Love Below - Intro,OutKast,album,2019-11-10T05:30:23Z,album,2003,40,40,2,87866,False,36,1,5oGCd3rzy0oW5F6t3vrDo9,False
79,Bowtie - Postlude,OutKast,album,2019-11-10T05:30:21Z,album,2003,40,40,1,35000,False,32,19,7xrtSOPrFxjyavgkXEZ32U,False
80,D-Boi - Interlude,OutKast,album,2019-11-10T05:30:20Z,album,2003,40,40,1,40520,True,31,17,7ogkELY42bcSSvdzutxPtt,False
81,"Last Call (feat. Slimm Calhoun, Lil' Jon, The EastSide Boyz & Mello)",OutKast,album,2019-11-10T05:30:20Z,album,2003,40,40,1,237160,True,38,18,1oPGTrHrMygoW9cbNxWx3N,False
82,Reset (feat. Khujo Goodie & Cee-Lo),OutKast,album,2019-11-10T05:30:19Z,album,2003,40,40,1,275720,False,37,16,2PAcNOzhCHsDzsBfDysPnG,False
83,Flip Flop Rock (feat. Killer Mike & Jay-Z),OutKast,album,2019-11-10T05:30:18Z,album,2003,40,40,1,275826,False,39,14,3cruThftOq6AYda82nQz3C,False
84,Interlude,OutKast,album,2019-11-10T05:30:18Z,album,2003,40,40,1,75280,True,32,15,11ZkoQqwKyQ84tBvaSehUh,False
85,E-Mac - Interlude,OutKast,album,2019-11-10T05:30:17Z,album,2003,40,40,1,24653,True,0,12,7EkYV4UOurrJU5MOGR8uu2,False
86,Knowing,OutKast,album,2019-11-10T05:30:17Z,album,2003,40,40,1,211946,False,36,13,3Lpzt83fy4a9BdkLXi4vKZ,False
87,"Tomb of the Boom (feat. Konkrete, Big Gipp & Ludacris)",OutKast,album,2019-11-10T05:30:16Z,album,2003,40,40,1,286173,False,37,11,5F3reBlMAHQ0mpzRM6Jite,False
88,Bamboo - Interlude,OutKast,album,2019-11-10T05:30:15Z,album,2003,40,40,1,129866,False,34,10,71VHyRlLpcb8GT9rH4zkSp,False
89,War,OutKast,album,2019-11-10T05:30:14Z,album,2003,40,40,1,163773,False,37,8,0Asjj7E8L1tEmfaQhNfuVT,False
90,Church,OutKast,album,2019-11-10T05:30:14Z,album,2003,40,40,1,207266,False,39,9,31tw8G1CMOf4XNAWiwj41u,False
91,Bust (feat. Killer Mike),OutKast,album,2019-11-10T05:30:11Z,album,2003,40,40,1,188893,True,39,7,4KWLfZ2N2EfIa58vVmTB9z,False
92,Unhappy,OutKast,album,2019-11-10T05:30:09Z,album,2003,40,40,1,199360,True,41,3,5fz2Z7m0u2AKCkdrGKXHtC,False
93,The Rooster,OutKast,album,2019-11-10T05:30:09Z,album,2003,40,40,1,237133,False,40,6,0XcTOLKLorCgXa2KWzhM1D,False
94,Bowtie (feat. Sleepy Brown & Jazze Pha),OutKast,album,2019-11-10T05:30:08Z,album,2003,40,40,1,236640,True,42,4,5voPrNQYQ4kQoRZ9A2NghB,False
95,The Way You Move (feat. Sleepy Brown),OutKast,album,2019-11-10T05:30:08Z,album,2003,40,40,1,234000,True,66,5,5z7mYFfhw6N6f23VwrokJD,False
96,GhettoMusick,OutKast,album,2019-11-10T05:30:07Z,album,2003,40,40,1,236720,True,47,2,1zb9cdsTMrEEL2Ut8rmTb6,False
97,Intro,OutKast,album,2019-11-10T05:30:06Z,album,2003,40,40,1,89386,False,38,1,4xemN2xVVpfQfQUnvEjOEl,False
98,Player's Ball (Reprise),OutKast,album,2019-11-10T05:29:57Z,album,1994-04-26,17,17,1,139920,False,38,17,07VQlRoaqWDJ9ySZhHw0Ec,False
99,D.E.E.P.,OutKast,album,2019-11-10T05:29:56Z,album,1994-04-26,17,17,1,331293,False,39,16,0bZX6Nd5yHTFJnaJMq4iiU,False
100,Crumblin' Erb,OutKast,album,2019-11-10T05:29:55Z,album,1994-04-26,17,17,1,309866,True,53,14,3T790QTg0ebUUk5tCRbtbN,False
101,Hootie Hoo,OutKast,album,2019-11-10T05:29:55Z,album,1994-04-26,17,17,1,238906,True,48,15,2B7hM098uEDiLJqTsUY4Ba,False
102,True Dat (Interlude),OutKast,album,2019-11-10T05:29:54Z,album,1994-04-26,17,17,1,76000,False,36,13,4YFaSkSRaQ3lTde01gUSKq,False
103,"Git Up, Git Out",OutKast,album,2019-11-10T05:29:53Z,album,1994-04-26,17,17,1,447026,True,53,12,6XadDzmDVhtEQ1Itt5t8h8,False
104,Funky Ride,OutKast,album,2019-11-10T05:29:52Z,album,1994-04-26,17,17,1,390533,False,41,10,5ryUbYQzdRRw0iJ2P5Or55,False
105,Flim Flam (Interlude),OutKast,album,2019-11-10T05:29:52Z,album,1994-04-26,17,17,1,74800,False,35,11,0KrJVqg1wdHZrVCuevD6yq,False
106,Claimin' True,OutKast,album,2019-11-10T05:29:51Z,album,1994-04-26,17,17,1,283760,False,41,8,3VKctHo2Rk1Y74KnxVFT7U,False
107,Club Donkey Ass (Interlude),OutKast,album,2019-11-10T05:29:51Z,album,1994-04-26,17,17,1,25440,False,1,9,0AsBszMGRZN73oPn92qRbF,False
108,Player's Ball,OutKast,album,2019-11-10T05:29:50Z,album,1994-04-26,17,17,1,261266,True,61,7,1RXEb6UTxJ05RffnAWfUOE,False
109,Call of da Wild,OutKast,album,2019-11-10T05:29:49Z,album,1994-04-26,17,17,1,366400,False,42,6,3HbreCF19wV7JsqoFRM4SH,False
110,Southernplayalisticadillacmuzik,OutKast,album,2019-11-10T05:29:48Z,album,1994-04-26,17,17,1,317506,False,55,5,2pMAmZdHfQHyqJCXJbfhK3,False
111,Welcome to Atlanta (Interlude),OutKast,album,2019-11-10T05:29:47Z,album,1994-04-26,17,17,1,57760,False,38,4,1YAEISjOBC3Lliyqdb9jwR,False
112,Ain't No Thang,OutKast,album,2019-11-10T05:29:46Z,album,1994-04-26,17,17,1,338933,True,50,3,5TQEggGtsutzhOsYFfCAtE,False
113,Myintrotoletuknow,OutKast,album,2019-11-10T05:29:45Z,album,1994-04-26,17,17,1,160173,False,44,2,6gEejYQZRMeMODb5rxwdK8,False
114,Peaches (Intro),OutKast,album,2019-11-10T05:29:44Z,album,1994-04-26,17,17,1,51560,False,37,1,1C4FzrUYsOPlor1ZRxy22A,False
115,B.I.B.L.E. (Basic Instructions Before Leaving Earth),GZA,album,2019-11-10T05:29:25Z,album,1995-01-01,13,13,1,272866,False,46,13,5mOzvm41Pdh1WOtBKlCtZd,False
116,Swordsman,GZA,album,2019-11-10T05:29:24Z,album,1995-01-01,13,13,1,201066,False,44,11,3zwJm9BHB4tGjxDerxTTRU,False
117,I Gotcha Back,GZA,album,2019-11-10T05:29:24Z,album,1995-01-01,13,13,1,301000,False,44,12,3ToCwT51GYA1HTDJxy7ZZX,False
118,Investigative Reports,GZA,album,2019-11-10T05:29:23Z,album,1995-01-01,13,13,1,229800,False,47,10,6NTceGKsDLTYehlyRbYp6O,False
119,Hell's Wind Staff / Killah Hills 10304,GZA,album,2019-11-10T05:29:22Z,album,1995-01-01,13,13,1,308626,False,45,9,4veKiWte7ppq5jEqcI1xEP,False
120,4th Chamber,GZA,album,2019-11-10T05:29:20Z,album,1995-01-01,13,13,1,276967,False,58,7,4qfUlchVD7WM4JhA5xio6m,False
121,Labels,GZA,album,2019-11-10T05:29:19Z,album,1995-01-01,13,13,1,174226,False,46,6,50yW206ahsPJsFNmKUTFIo,False
122,Cold World,GZA,album,2019-11-10T05:29:18Z,album,1995-01-01,13,13,1,331000,False,49,5,4kxcVF4kEZTQZDlnNfDeur,False
123,Gold,GZA,album,2019-11-10T05:29:17Z,album,1995-01-01,13,13,1,237200,False,47,4,1UTX5wGyy7IC6HeT5MmAJ1,False
124,Duel Of The Iron Mic,GZA,album,2019-11-10T05:29:16Z,album,1995-01-01,13,13,1,246226,True,54,2,1OYjATyA5kqLK3CfYfvg3y,False
125,Living In The World Today,GZA,album,2019-11-10T05:29:16Z,album,1995-01-01,13,13,1,263173,False,52,3,4EcwMZC5srOdOVUTIkQWkW,False
126,Liquid Swords,GZA,album,2019-11-10T05:29:15Z,album,1995-01-01,13,13,1,270800,True,60,1,4dmh3OPtAhbEybhGoOG9TE,False
127,Shadowboxin',GZA,album,2019-11-10T05:29:05Z,album,1995-01-01,13,13,1,209973,True,66,8,7bp5DfkdK1OAvNJ1U4HfDA,False
128,Dirty Dancin',Ol' Dirty Bastard,album,2019-11-10T05:27:56Z,album,1995,17,17,1,162706,True,37,16,5Iyf4jiGsuHJ8SdhtkHbIJ,False
129,Harlem World,Ol' Dirty Bastard,album,2019-11-10T05:27:56Z,album,1995,17,17,1,375693,True,36,17,4iT7Pm41gmvJ5AWqXze1xT,False
130,Cuttin' Headz,Ol' Dirty Bastard,album,2019-11-10T05:27:55Z,album,1995,17,17,1,148026,True,38,15,3RzkPirkWficp2bWVUNrXn,False
131,Proteck Ya Neck II the Zoo,Ol' Dirty Bastard,album,2019-11-10T05:27:54Z,album,1995,17,17,1,240240,True,44,14,3sWWQgNhOEDUGFMqASMcC5,False
132,Brooklyn Zoo II (Tiger Crane),Ol' Dirty Bastard,album,2019-11-10T05:27:51Z,album,1995,17,17,1,440560,True,36,13,3IfqlCiII5UQuicodfcol9,False
133,Drunk Game (Sweet Sugar Pie),Ol' Dirty Bastard,album,2019-11-10T05:27:50Z,album,1995,17,17,1,260573,True,35,11,2k1a0Z66w5GgfLtJpdXa8c,False
134,Snakes,Ol' Dirty Bastard,album,2019-11-10T05:27:50Z,album,1995,17,17,1,326666,True,38,12,2LgxvtHg4luNoGMEDLnQ8P,False
135,Goin' Down,Ol' Dirty Bastard,album,2019-11-10T05:27:49Z,album,1995,17,17,1,259866,True,38,10,2ThiGyO22LFRahjlscyQim,False
136,The Stomp,Ol' Dirty Bastard,album,2019-11-10T05:27:48Z,album,1995,17,17,1,142960,True,38,9,3IUzk2qTfnWqjKatiPiGaj,False
137,Damage,Ol' Dirty Bastard,album,2019-11-10T05:27:47Z,album,1995,17,17,1,167866,True,41,7,6cfvxVx2PZFSFeghhmciy6,False
138,Don't U Know,Ol' Dirty Bastard,album,2019-11-10T05:27:47Z,album,1995,17,17,1,266906,True,37,8,5mjvj7IaZHBk2IcFVmxxD1,False
139,Raw Hide,Ol' Dirty Bastard,album,2019-11-10T05:27:45Z,album,1995,17,17,1,242333,True,44,6,5bY54Wk5IjGwK91Hv8ukbw,False
140,Hippa to da Hoppa,Ol' Dirty Bastard,album,2019-11-10T05:27:44Z,album,1995,17,17,1,181626,True,52,5,3cFT8G5sU4ind7VmAPsV5d,False
141,Brooklyn Zoo,Ol' Dirty Bastard,album,2019-11-10T05:27:43Z,album,1995,17,17,1,217506,True,61,4,2FWmKZ3kNbVsKGhuNHsltW,False
142,Shimmy Shimmy Ya,Ol' Dirty Bastard,album,2019-11-10T05:27:42Z,album,1995,17,17,1,161400,True,67,2,3ABG1UQTk0eLYUAeWkmfMi,False
143,Baby C'mon,Ol' Dirty Bastard,album,2019-11-10T05:27:42Z,album,1995,17,17,1,206426,True,45,3,1z8yXYruBCYvudpel8ZZYe,False
144,Intro,Ol' Dirty Bastard,album,2019-11-10T05:27:41Z,album,1995,17,17,1,287373,True,35,1,4f2UDzqBo643IwmmDmdJ3b,False
145,The Closing,Wu-Tang Clan,album,2019-11-10T05:27:07Z,album,1997-06-03,27,27,2,157293,True,33,16,1SQPxazFuoGVw45T4jDaFo,False
146,Second Coming (feat. Tekitha),Wu-Tang Clan,album,2019-11-10T05:27:06Z,album,1997-06-03,27,27,2,279600,True,35,15,0r7adYALoieQVamc8wn6ac,False
147,Heaterz (feat. Cappadonna),Wu-Tang Clan,album,2019-11-10T05:27:05Z,album,1997-06-03,27,27,2,326266,True,41,13,2ATVo2uOcQL2Q2sBJbPgbd,False
148,Black Shampoo,Wu-Tang Clan,album,2019-11-10T05:27:05Z,album,1997-06-03,27,27,2,229933,True,35,14,0GPuNZ0ro0OYx0HdDZovGm,False
149,Hellz Wind Staff (feat. Street Life),Wu-Tang Clan,album,2019-11-10T05:27:04Z,album,1997-06-03,27,27,2,292226,True,40,12,1KXpyjHZgLH7zo9D0XZ25U,False
150,Duck Seazon,Wu-Tang Clan,album,2019-11-10T05:27:02Z,album,1997-06-03,27,27,2,342360,True,43,11,5MzwAqpTKoLA6dNr6bAn57,False
151,Bells of War,Wu-Tang Clan,album,2019-11-10T05:27:00Z,album,1997-06-03,27,27,2,312133,True,43,8,1vJc5ntrmTk0f9MhqCUx13,False
152,The M.G.M.,Wu-Tang Clan,album,2019-11-10T05:27:00Z,album,1997-06-03,27,27,2,158693,True,42,9,1mxXB3Vsaaw9goChMrQuiK,False
153,The Projects,Wu-Tang Clan,album,2019-11-10T05:26:59Z,album,1997-06-03,27,27,2,197906,True,41,7,0VKqVkkMW8u4d6vz1nsfRL,False
154,The City,Wu-Tang Clan,album,2019-11-10T05:26:56Z,album,1997-06-03,27,27,2,245706,True,41,6,2b3gxK2X5nI7c0NSRFFDBm,False
155,Deadly Melody (feat. Street Life),Wu-Tang Clan,album,2019-11-10T05:26:55Z,album,1997-06-03,27,27,2,260200,True,43,5,4uUN0ZflJbw7bVINbcHMq6,False
156,Little Ghetto Boys (feat. Cappadonna),Wu-Tang Clan,album,2019-11-10T05:26:53Z,album,1997-06-03,27,27,2,289426,True,43,4,2BQnBW7ZbEpLg009FohI1N,False
157,Impossible (feat. Tekitha),Wu-Tang Clan,album,2019-11-10T05:26:52Z,album,1997-06-03,27,27,2,268933,True,46,3,2vQa5ELj0hYwrYZp8MVZn7,False
158,Triumph (feat. Cappadonna),Wu-Tang Clan,album,2019-11-10T05:26:51Z,album,1997-06-03,27,27,2,338186,True,66,2,3glqlA5qY3bbo8UaUDGPnw,False
159,Intro,Wu-Tang Clan,album,2019-11-10T05:26:50Z,album,1997-06-03,27,27,2,122800,True,38,1,57C8xbz3dy5G68nrVlqBG8,False
160,It's Yourz,Wu-Tang Clan,album,2019-11-10T05:26:48Z,album,1997-06-03,27,27,1,256893,True,50,11,31GUM30kjMPY93SrVh1InN,False
161,A Better Tomorrow,Wu-Tang Clan,album,2019-11-10T05:26:47Z,album,1997-06-03,27,27,1,295200,True,46,10,1OB7p2ulZT8Z8qkY5akeZB,False
162,Older Gods,Wu-Tang Clan,album,2019-11-10T05:26:45Z,album,1997-06-03,27,27,1,185960,True,44,8,3ZwmNUJgd83cZLNbQw6BSB,False
163,As High as Wu-Tang Get,Wu-Tang Clan,album,2019-11-10T05:26:44Z,album,1997-06-03,27,27,1,158133,True,52,6,1XbqOF6nx3tJsyQjXRh9ux,False
164,Severe Punishment,Wu-Tang Clan,album,2019-11-10T05:26:44Z,album,1997-06-03,27,27,1,289733,True,46,7,4RRvVSpreSh8psHZodRUU7,False
165,Visionz,Wu-Tang Clan,album,2019-11-10T05:26:41Z,album,1997-06-03,27,27,1,189266,True,51,5,3cuy0jpSxGAoTuJE0KORoR,False
166,Cash Still Rules / Scary Hours (Still Don't Nothing Move but the Money),Wu-Tang Clan,album,2019-11-10T05:26:39Z,album,1997-06-03,27,27,1,181600,True,50,4,0f4QXQYzy5ocaeIO6DoxrD,False
167,For Heavens Sake (feat. Cappadonna),Wu-Tang Clan,album,2019-11-10T05:26:38Z,album,1997-06-03,27,27,1,253706,True,46,3,5JF2C8MdEonfb2ryeZ9Bxe,False
168,Reunited,Wu-Tang Clan,album,2019-11-10T05:26:37Z,album,1997-06-03,27,27,1,321733,True,56,2,2CxOJwC4jqWfPQdahEX9oH,False
169,Wu-Revolution (feat. Poppa Wu & Uncle Pete),Wu-Tang Clan,album,2019-11-10T05:26:36Z,album,1997-06-03,27,27,1,406426,True,41,1,465EW9vZOfX5FShKm93VXe,False
170,C.R.E.A.M. (Cash Rules Everything Around Me) - A Cappella,Wu-Tang Clan,album,2019-11-10T05:25:56Z,album,1993-11-09,15,15,1,158426,False,47,15,61QU5MPwOReHIAfnY4vh54,False
171,Method Man - Home Grown Version,Wu-Tang Clan,album,2019-11-10T05:25:53Z,album,1993-11-09,15,15,1,310466,False,50,14,1c3zgIrrFkhnavRt20lsqu,False
172,Wu-Tang: 7th Chamber - Part II - Conclusion,Wu-Tang Clan,album,2019-11-10T05:25:52Z,album,1993-11-09,15,15,1,370733,True,54,12,4mkdUdHTDfnbcie1vSmbCK,False
173,Protect Ya Neck - Shao Lin Version,Wu-Tang Clan,album,2019-11-10T05:25:52Z,album,1993-11-09,15,15,1,278853,True,51,13,5UqXzkzU4CyIhaCmWHgS09,False
174,Tearz,Wu-Tang Clan,album,2019-11-10T05:25:51Z,album,1993-11-09,15,15,1,257746,True,60,11,7y5zXpTN4J7K0PngQYa655,False
175,Method Man,Wu-Tang Clan,album,2019-11-10T05:25:50Z,album,1993-11-09,15,15,1,350560,True,63,9,5XLC8xoqyua4U7wJiZAWik,False
176,Protect Ya Neck,Wu-Tang Clan,album,2019-11-10T05:25:50Z,album,1993-11-09,15,15,1,291066,True,68,10,1Sgj10byiGzPpI2IrXSFEn,False
177,Wu-Tang Clan Aint Nuthing ta F' Wit,Wu-Tang Clan,album,2019-11-10T05:25:49Z,album,1993-11-09,15,15,1,216133,True,69,7,24vNw0Z0srb4zYXwrakw8E,False
178,Da Mystery of Chessboxin',Wu-Tang Clan,album,2019-11-10T05:25:48Z,album,1993-11-09,15,15,1,287840,True,63,6,4xOTVtbCPcfxMs2hSt9D6i,False
179,Can It Be All So Simple / Intermission,Wu-Tang Clan,album,2019-11-10T05:25:47Z,album,1993-11-09,15,15,1,413000,True,56,5,1Mi6uegC4pRxQZw1CB5Fk9,False
180,Wu-Tang: 7th Chamber,Wu-Tang Clan,album,2019-11-10T05:25:46Z,album,1993-11-09,15,15,1,366306,True,60,4,5wcY4XgawQ2se8VjDLhedQ,False
181,Clan In Da Front,Wu-Tang Clan,album,2019-11-10T05:25:45Z,album,1993-11-09,15,15,1,273320,True,58,3,4LaiF2h7gsybmURceGYLqh,False
182,Shame On a Nigga,Wu-Tang Clan,album,2019-11-10T05:25:44Z,album,1993-11-09,15,15,1,177066,True,63,2,7IwURvEfVcdxUCjLKUu6sv,False
183,Bring Da Ruckus,Wu-Tang Clan,album,2019-11-10T05:25:43Z,album,1993-11-09,15,15,1,251466,True,66,1,1v5cgIyffYtfEx0swttdoE,False
184,Wu-Tang Reunion,Wu-Tang Clan,album,2019-11-10T05:25:20Z,album,2014-11-28,15,15,1,213626,False,29,15,3YAxHi6nY1bqrqSI5OQBKa,False
185,Never Let Go,Wu-Tang Clan,album,2019-11-10T05:25:19Z,album,2014-11-28,15,15,1,322200,False,29,14,3zAJlFMIjvWtGF9vCnxQaJ,False
186,Ron O'Neal,Wu-Tang Clan,album,2019-11-10T05:25:18Z,album,2014-11-28,15,15,1,268466,True,29,12,6OxhmJr0L7R50yHrnGHaCo,False
187,A Better Tomorrow,Wu-Tang Clan,album,2019-11-10T05:25:18Z,album,2014-11-28,15,15,1,264440,False,42,13,3JJU9BP2zRFdXpVA7r0gby,False
188,Necklace,Wu-Tang Clan,album,2019-11-10T05:25:17Z,album,2014-11-28,15,15,1,251440,True,29,11,3oiWdaMJHQBSQYoMBGvBKN,False
189,Miracle,Wu-Tang Clan,album,2019-11-10T05:25:16Z,album,2014-11-28,15,15,1,303266,True,29,8,1f3V4dC1nLsERU5Dj0tezU,False
190,Preacher's Daughter,Wu-Tang Clan,album,2019-11-10T05:25:16Z,album,2014-11-28,15,15,1,313186,True,35,9,17d5B2Z3GXPcQqPvQE4wmZ,False
191,Crushed Egos,Wu-Tang Clan,album,2019-11-10T05:25:15Z,album,2014-11-28,15,15,1,146026,True,30,6,2LBzoJuaHh7IEdeavFuAH1,False
192,Keep Watch,Wu-Tang Clan,album,2019-11-10T05:25:15Z,album,2014-11-28,15,15,1,265373,True,44,7,07lqfibBtpw1ud24u0uULj,False
193,Hold the Heater,Wu-Tang Clan,album,2019-11-10T05:25:14Z,album,2014-11-28,15,15,1,247613,True,30,5,0ejvWKmQmF2rioVxizUlvm,False
194,Mistaken Identity,Wu-Tang Clan,album,2019-11-10T05:25:13Z,album,2014-11-28,15,15,1,344280,True,30,4,2GRkN4D2708zC4AvH27459,False
195,40th Street Black / We Will Fight,Wu-Tang Clan,album,2019-11-10T05:25:12Z,album,2014-11-28,15,15,1,266253,True,35,3,5ybAmUhA1Fr6Uzz5YEsrpu,False
196,Felt,Wu-Tang Clan,album,2019-11-10T05:25:09Z,album,2014-11-28,15,15,1,230933,True,34,2,70fWkeaqVYINGve1omId8I,False
197,Ruckus in B Minor,Wu-Tang Clan,album,2019-11-10T05:25:07Z,album,2014-11-28,15,15,1,324733,True,45,1,0U7Hho5psdKZwyC8HMHxfq,False
198,Pioneer the Frontier,Wu-Tang Clan,album,2019-11-10T05:24:53Z,album,2014-11-28,15,15,1,238693,True,29,10,1pdHZsQUzxT4OyhraItBQQ,False
199,C.R.E.A.M.,Wu-Tang Clan,album,2019-11-10T04:31:46Z,album,1993-11-09,15,15,1,252186,True,75,8,119c93MHjrDLJTApCVGpvx,False
200,Stainless,The Game,single,2019-11-04T22:20:01Z,single,2019-11-01,1,1,1,239660,False,64,1,2pfQV8HU5H9RMwDOCzgAs9,False
201,Gorgeous,Kanye West,album,2019-11-04T18:26:19Z,album,2010-01-01,13,13,1,357653,True,70,2,23SZWX2IaDnxmhFsSLvkG2,False
202,Hands on the Wheel (feat. Asap Rocky),ScHoolboy Q,album,2019-10-15T19:13:08Z,album,2012-01-14,15,15,1,197131,True,63,3,78JKJfKsqgeBDBF58gv1SF,False
203,Runaway,Kanye West,album,2019-10-14T19:44:30Z,album,2010-01-01,13,13,1,547733,True,74,9,3DK6m7It6Pw857FcQftMds,False
204,John Whiterspoon,TUT,single,2019-08-28T17:44:04Z,single,2015-02-25,1,1,1,204822,True,37,1,6P5B7JVffbQzT1P3PsSqSK,False
205,Again,Noah Cyrus,single,2018-09-21T19:35:28Z,single,2017-09-22,1,1,1,193961,False,74,1,2S2od3hT7ceytw7d1pTRuE,False
206,the broken hearts club,gnash,single,2018-09-21T18:42:23Z,single,2018-03-30,1,1,1,184467,False,6,1,5Cv1xqpyciZZuHHR7xr2l0,False
207,Jump Off The Roof,Vince Staples,album,2018-08-24T15:27:41Z,album,2015-06-30,20,20,1,223986,True,50,8,1deetO7jeQqMH2C7kSH32a,False
208,YMF,Ab-Soul,album,2018-08-24T15:16:57Z,album,2016-12-09,16,16,1,350218,True,47,16,5qdpn7Qm3rTOQPbC8VXT0t,False
209,Paradise,CYNE,album,2018-08-21T16:47:15Z,album,2017-09-08,33,33,1,221943,False,40,18,17JDVuZccwxHJJKxTW4BSx,False
210,Kaancepts 2,K.A.A.N.,single,2018-08-18T00:45:45Z,single,2015-09-22,5,5,1,320757,True,56,1,6TdbYlOHbgBKApNWkfkcLu,False
211,Dum Diary,KOOL A.D.,album,2018-07-28T02:07:34Z,album,2016-05-27,25,25,1,511920,True,38,24,1eX4daOje6JnC07d5iTaqD,False
212,norf side long beach,afternoon,single,2018-07-20T15:35:34Z,single,2017-10-18,1,1,1,241475,False,0,1,3ZKx3R85b2yjjcOAHxk5Hw,False
213,"Main Title - From ""Star Wars""",John Williams,single,2018-06-03T16:49:12Z,single,2018-03-01,1,1,1,367560,False,12,1,7rFhpn3PX1vgqwBbNObqHN,False
214,"Raiders March (From ""Raiders of the Lost Ark"")",John Williams,compilation,2018-06-03T16:48:17Z,compilation,2017-03-17,44,44,1,310666,False,30,1,7iB978Wr8rnctpTX3ATEuo,False
215,Theme From Jurassic Park,John Williams,album,2018-06-03T16:43:07Z,album,1993-05-25,16,16,1,207426,False,63,2,2TZbQZXOuR8osP2AK8yYMN,False
216,I Thought About Killing You,Kanye West,album,2018-06-02T05:27:11Z,album,2018-06-01,7,7,1,274186,True,5,1,6EuE9M1viu9gkdFSafia9o,False
217,Yikes,Kanye West,album,2018-06-02T05:27:11Z,album,2018-06-01,7,7,1,188773,True,11,2,2r4JRwcbIeuAzWjH4YXlLs,False
218,All Mine,Kanye West,album,2018-06-02T05:27:11Z,album,2018-06-01,7,7,1,145506,True,13,3,3qnoOm4fwZPBS116f5hpgF,False
219,Wouldn't Leave,Kanye West,album,2018-06-02T05:27:11Z,album,2018-06-01,7,7,1,205546,True,5,4,3dG6tjetoR4GMmUGZUprLt,False
220,No Mistakes,Kanye West,album,2018-06-02T05:27:11Z,album,2018-06-01,7,7,1,123040,True,5,5,1DdgqEZk4Hqfpl3drdXJun,False
221,Ghost Town,Kanye West,album,2018-06-02T05:27:11Z,album,2018-06-01,7,7,1,271386,True,10,6,6Bg7MznA9X0dIhlAsLyBYj,False
222,Violent Crimes,Kanye West,album,2018-06-02T05:27:11Z,album,2018-06-01,7,7,1,215320,True,10,7,2VYb3Fb5iK5Y8HGZ8oEEkp,False
223,Hard Piano,Pusha T,album,2018-06-02T05:26:52Z,album,2018-05-25,7,7,1,195733,True,58,3,3HgA5R5alihocnOYE9ihpS,False
224,Come Back Baby,Pusha T,album,2018-06-02T05:26:52Z,album,2018-05-25,7,7,1,206706,True,60,4,2BuBXn15gj4MNYZydyWgrk,False
225,Santeria,Pusha T,album,2018-06-02T05:26:52Z,album,2018-05-25,7,7,1,176026,True,61,5,4LKSaRoKNnlpKXTT663BrT,False
226,What Would Meek Do?,Pusha T,album,2018-06-02T05:26:52Z,album,2018-05-25,7,7,1,153266,True,59,6,5vnuJ8EopkP5dHukpOmT3L,False
227,Infrared,Pusha T,album,2018-06-02T05:26:52Z,album,2018-05-25,7,7,1,170240,True,56,7,6cpsixIHI63L0hwh3CwZg3,False
228,Holy Ghost,A$AP Rocky,album,2018-05-31T03:41:39Z,album,2015-05-26,18,18,1,191200,True,58,1,6AHNkRbVzkh95xilnYzDT7,False
229,The Games We Play,Pusha T,album,2018-05-26T19:01:41Z,album,2018-05-25,7,7,1,166120,True,65,2,7iEoaTyBCqLaAwJnOP1BTn,False
230,If You Know You Know,Pusha T,album,2018-05-26T18:58:59Z,album,2018-05-25,7,7,1,202120,True,66,1,6bGwKHXHNLmTy6yt147FPh,False
231,The Heart Part 4,Kendrick Lamar,single,2018-05-26T17:11:13Z,single,2017-03-24,1,1,1,288554,True,52,1,1zayuwd1YLZsYDArkruHdL,False
232,M3 ... The Beginning,DJ Jazzy Jeff,album,2018-05-25T05:19:29Z,album,2018-05-08,15,15,1,61312,True,19,1,5Wtun5r0QkirW11rRwo5SH,False
233,A$AP Forever REMIX,A$AP Rocky,album,2018-05-25T05:11:32Z,album,2018-05-25,15,15,1,315773,True,67,2,3oHkMCVJyOcjg5FhfLc2Rq,False
234,Empathy,Sylvan LaCue,album,2018-05-19T22:55:35Z,album,2018-01-12,20,20,1,280817,True,34,6,5BtwQfYsoIGOrH3GaJZoyn,False
235,Last Last Fall,Jonwayne,single,2018-05-19T19:16:14Z,single,2018-05-11,1,1,1,284444,False,35,1,12vOCYp0ZyjaRRWyMWP3g8,False
236,Smoke.Netflix.Chill.,Tank and The Bangas,single,2018-05-19T19:08:30Z,single,2018-04-20,1,1,1,246737,True,36,1,04Yi3WxTBY599l1J8RnzIM,False
237,Turning Me Off,Slum Village,album,2018-05-19T18:58:07Z,album,2018-04-27,8,8,1,229598,True,10,8,3qt5OiECAHT00XL2b4ZHc9,False
238,"True to the Game, Pt. 2 (Kanye Diss)",Daz Dillinger,single,2018-05-19T18:39:29Z,single,2018-05-08,1,1,1,306651,True,9,1,0N0djfv0yFixZcIIy92fRc,False
239,Funkorama - Instrumental,Erick Sermon,album,2018-05-19T18:35:27Z,album,2018-04-20,14,14,1,176484,False,8,9,10g7g0wlRWn5hZhGn0vKja,False
240,Ye vs. the People (starring TI as the People),Kanye West,single,2018-05-05T15:23:49Z,single,2018-04-28,1,1,1,202641,True,50,1,69b0SDYOymaqYwm3la237H,False
241,ICY GRL,Saweetie,single,2018-04-15T16:15:18Z,single,2018-01-26,1,1,1,109302,True,62,1,5TlWkwZyx3L5Dh3yybmxHO,False
242,Lean,Camâ€™ron,album,2018-03-13T02:34:56Z,album,2017-11-10,15,15,1,177819,True,41,5,61fOn76qpka9rHRbQ6Vxxv,False
243,This Bitter Land,Nas,single,2016-07-31T16:46:33Z,single,2016-07-28,1,1,1,269453,False,0,1,6frQaasWtQiBpf973M8MfI,False
244,Orange Soda (feat. Kidd Upstairs & Produced By Kidd Upstairs),X.O.,album,2016-06-08T19:05:27Z,album,2012-06-18,12,12,1,240155,True,38,3,3PrpfZRnllDh7cksV1ohPi,False
245,Welcome To Los Santos,Oh No,compilation,2016-04-04T01:40:42Z,compilation,2013-09-24,18,18,1,154280,False,51,1,5ZZuiMFxl85qakgTZQapsc,False
246,"1,2 1,2",Raekwon,single,2015-04-20T22:06:15Z,single,2015-04-07,1,1,1,200693,True,6,1,3DikKNU3T2Hsjmy2jKfsvf,False
247,Ill Mind of Hopsin 5,Hopsin,single,2015-03-31T00:42:12Z,single,2012-07-17,1,1,1,289004,True,65,1,7dDLHlyZJBqEWSndlPWyCT,False
248,Ill Mind of Hopsin 7,Hopsin,single,2015-03-31T00:41:13Z,single,2014-07-18,1,1,1,350482,True,43,1,4E9oMuvzEsS2T9hdxWBwPQ,False
